jaysoncrawford@msn.com             jaysoncrawford5388
carlobriggs@yahoo.com             carlobriggs6468
jabariconway@outlook.com             jabariconway3709
leedaugherty@windowslive.com             leedaugherty8449
jonasreyes@windowslive.com             jonasreyes4343
juliusburton@yahoo.com             juliusburton5093
tobykeller@live.com             tobykeller1883
sageoconnor@outlook.com             sageoconnor1064
franciscobenjamin@windowslive.com             franciscobenjamin6929
aldoolsen@yahoo.com             aldoolsen9217
kelvinstevenson@gmail.com             kelvinstevenson2721
jamalgill@yahoo.com             jamalgill1678
kaedenlove@live.com             kaedenlove7261
grantsexton@windowslive.com             grantsexton2715
alimueller@yahoo.com             alimueller0336
jerrymoon@yahoo.com             jerrymoon6514
jaidenmoreno@windowslive.com             jaidenmoreno3772
claywade@windowslive.com             claywade8377
alancompton@windowslive.com             alancompton9796
arnavsandoval@msn.com             arnavsandoval5005
kennyfranklin@msn.com             kennyfranklin3891
santosmedina@outlook.com             santosmedina3734
roybrown@live.com             roybrown3502
scottvaughn@outlook.com             scottvaughn0431
jonathonyoung@windowslive.com             jonathonyoung3849
joshwong@windowslive.com             joshwong8983
tyrellmay@yahoo.com             tyrellmay0140
quintinmccarty@gmail.com             quintinmccarty4810
jaggermunoz@live.com             jaggermunoz1918
ryanchung@windowslive.com             ryanchung9754
dwaynedickerson@outlook.com             dwaynedickerson3059
grahamcrosby@windowslive.com             grahamcrosby0396
chaceclements@yahoo.com             chaceclements6374
giannimercer@gmail.com             giannimercer3781
calehahn@windowslive.com             calehahn3558
leroymatthews@live.com             leroymatthews1477
bentleyharper@live.com             bentleyharper6651
julioglover@live.com             julioglover0923
marcusharvey@gmail.com             marcusharvey0484
abdiellewis@yahoo.com             abdiellewis1098
brendansparks@outlook.com             brendansparks5980
joaquinmcmillan@live.com             joaquinmcmillan1272
kadedodson@yahoo.com             kadedodson9460
zaneolson@windowslive.com             zaneolson8215
freddywoodard@gmail.com             freddywoodard8615
mariofrey@yahoo.com             mariofrey5064
emilioflowers@msn.com             emilioflowers8281
maddoxgarza@live.com             maddoxgarza1002
zechariahhayes@yahoo.com             zechariahhayes5068
derrickspence@msn.com             derrickspence8128
jaspercollier@yahoo.com             jaspercollier0601
bransonbailey@outlook.com             bransonbailey3803
malakaisantana@yahoo.com             malakaisantana1472
lawsonkane@live.com             lawsonkane6940
tyronemelendez@windowslive.com             tyronemelendez4940
stanleysims@yahoo.com             stanleysims7617
jovanibray@gmail.com             jovanibray5138
tyhenderson@live.com             tyhenderson2910
vanfisher@msn.com             vanfisher2362
raulbowen@msn.com             raulbowen4148
calebfry@live.com             calebfry6035
kadynpotts@outlook.com             kadynpotts1770
damonbrowning@windowslive.com             damonbrowning5952
ezrabarrett@gmail.com             ezrabarrett2413
khalilshepard@yahoo.com             khalilshepard8719
baileystein@gmail.com             baileystein7728
osvaldoalvarez@yahoo.com             osvaldoalvarez8650
shamarkrause@gmail.com             shamarkrause6556
dariengallagher@windowslive.com             dariengallagher7479
jakobraymond@windowslive.com             jakobraymond1278
damiengiles@live.com             damiengiles8481
elijahbass@msn.com             elijahbass7256
steveellis@yahoo.com             steveellis0678
jamiesharp@gmail.com             jamiesharp0756
maxwoodward@msn.com             maxwoodward8922
deshawnmurphy@gmail.com             deshawnmurphy2298
gavynbarker@outlook.com             gavynbarker3631
dallaslarsen@msn.com             dallaslarsen3941
dravensanders@live.com             dravensanders7805
dawsonfitzpatrick@msn.com             dawsonfitzpatrick4757
ahmedrichard@windowslive.com             ahmedrichard1767
theodorekelley@msn.com             theodorekelley5358
makhianthony@gmail.com             makhianthony3126
cyrusholder@windowslive.com             cyrusholder9965
jordenjefferson@yahoo.com             jordenjefferson8288
leonardowolfe@yahoo.com             leonardowolfe6922
cesarwalsh@outlook.com             cesarwalsh4863
bradynblanchard@yahoo.com             bradynblanchard3351
nicholasmcintosh@outlook.com             nicholasmcintosh2195
jensenmckenzie@outlook.com             jensenmckenzie6825
jovannifrank@yahoo.com             jovannifrank3308
ısaiahgentry@yahoo.com             ısaiahgentry7509
aronmoody@msn.com             aronmoody5447
leoncarson@yahoo.com             leoncarson8065
hudsonhull@gmail.com             hudsonhull8098
tylermelton@outlook.com             tylermelton0063
walterreese@outlook.com             walterreese1396
deontravis@gmail.com             deontravis8607
brodywheeler@outlook.com             brodywheeler7460
alijahayala@yahoo.com             alijahayala5763
matiasduran@msn.com             matiasduran5353
franklinterrell@windowslive.com             franklinterrell9712
jeremybyrd@live.com             jeremybyrd0484
broderickvelasquez@gmail.com             broderickvelasquez7616
ısmaelneal@yahoo.com             ısmaelneal0892
jeantaylor@windowslive.com             jeantaylor4848
antonrichardson@gmail.com             antonrichardson2913
reynaldofrederick@outlook.com             reynaldofrederick8903
bencantrell@msn.com             bencantrell3673
gustavorasmussen@msn.com             gustavorasmussen1541
ulisesarcher@gmail.com             ulisesarcher9430
desmondpugh@msn.com             desmondpugh7702
dariansilva@msn.com             dariansilva2005
ıshaandavila@yahoo.com             ıshaandavila8376
wadegibson@msn.com             wadegibson3139
marcopacheco@gmail.com             marcopacheco6961
devinavila@gmail.com             devinavila1438
clintonparsons@yahoo.com             clintonparsons5280
stephenmeza@gmail.com             stephenmeza7854
terrencewilkerson@yahoo.com             terrencewilkerson9544
talonbender@live.com             talonbender5002
ızayahjacobson@msn.com             ızayahjacobson8931
kennetheaton@windowslive.com             kennetheaton3309
davionferguson@live.com             davionferguson8306
miltonhester@gmail.com             miltonhester5910
oswaldostephenson@msn.com             oswaldostephenson7183
rossbanks@yahoo.com             rossbanks7594
nicolascarlson@yahoo.com             nicolascarlson9052
mosheconley@yahoo.com             mosheconley2494
judahfox@outlook.com             judahfox2556
mauriciogutierrez@live.com             mauriciogutierrez9829
mosesdonovan@msn.com             mosesdonovan4873
elliottkidd@yahoo.com             elliottkidd8135
alejandrorodriguez@yahoo.com             alejandrorodriguez2033
trevinwilkinson@gmail.com             trevinwilkinson2870
lukasparker@live.com             lukasparker8308
keonhopkins@msn.com             keonhopkins2118
micahweaver@windowslive.com             micahweaver4188
ısiahnunez@outlook.com             ısiahnunez9716
jamisonhinton@gmail.com             jamisonhinton6662
carlosritter@msn.com             carlosritter9120
kolepetersen@windowslive.com             kolepetersen3846
ronniehale@windowslive.com             ronniehale4586
jalenbernard@msn.com             jalenbernard4812
aydinyork@windowslive.com             aydinyork3646
rodneyshannon@windowslive.com             rodneyshannon1780
johanwagner@yahoo.com             johanwagner9026
rishivelez@yahoo.com             rishivelez4016
davidwashington@live.com             davidwashington0420
alfonsocoleman@live.com             alfonsocoleman9031
zainochoa@msn.com             zainochoa9328
amarebenton@live.com             amarebenton4429
ahmadknox@yahoo.com             ahmadknox1323
noelmoore@windowslive.com             noelmoore7840
hassanblankenship@windowslive.com             hassanblankenship1305
reubeneverett@gmail.com             reubeneverett2091
antonyhoward@gmail.com             antonyhoward3804
milogrant@outlook.com             milogrant1945
alexzanderhobbs@windowslive.com             alexzanderhobbs9408
kolbymann@yahoo.com             kolbymann8948
howardzimmerman@yahoo.com             howardzimmerman6909
aceunderwood@msn.com             aceunderwood8863
jasonmassey@msn.com             jasonmassey8514
bridgermiddleton@msn.com             bridgermiddleton8356
dominikferrell@outlook.com             dominikferrell2186
griffinbush@outlook.com             griffinbush5780
cortezroberson@windowslive.com             cortezroberson0914
xandergarrison@windowslive.com             xandergarrison1098
dericktownsend@live.com             dericktownsend5912
edwinjensen@windowslive.com             edwinjensen4374
beckhamliu@live.com             beckhamliu2085
haroldgreer@gmail.com             haroldgreer8690
kellendunlap@gmail.com             kellendunlap3434
riverbrennan@live.com             riverbrennan2903
jacobanderson@live.com             jacobanderson6864
reedarias@outlook.com             reedarias7479
spencerdavidson@yahoo.com             spencerdavidson3936
keaganwilliamson@yahoo.com             keaganwilliamson2382
rylandlam@live.com             rylandlam3107
konnorfriedman@windowslive.com             konnorfriedman8254
kaelgibbs@outlook.com             kaelgibbs9717
antoniowerner@yahoo.com             antoniowerner5199
fletchermack@yahoo.com             fletchermack3402
craigmckinney@msn.com             craigmckinney4565
londonshepherd@yahoo.com             londonshepherd4667
gunnarandersen@msn.com             gunnarandersen0473
deandremcmahon@windowslive.com             deandremcmahon8723
messiahvillanueva@msn.com             messiahvillanueva3084
renestokes@outlook.com             renestokes0842
alfredchase@live.com             alfredchase7974
mohamedevans@yahoo.com             mohamedevans2124
westonbarnett@windowslive.com             westonbarnett4769
peterlandry@yahoo.com             peterlandry7429
yairquinn@live.com             yairquinn3947
princemccall@gmail.com             princemccall4979
hugomoran@outlook.com             hugomoran6551
rhysvega@live.com             rhysvega2481
coreykerr@msn.com             coreykerr1063
donteescobar@gmail.com             donteescobar1637
neilwest@yahoo.com             neilwest2421
walkergalloway@yahoo.com             walkergalloway8705
simeonwells@outlook.com             simeonwells8081
laytonleonard@gmail.com             laytonleonard3289
adonismorse@outlook.com             adonismorse1445
daxgay@live.com             daxgay9273
giovanigarcia@outlook.com             giovanigarcia2042
charliebarton@msn.com             charliebarton0893
cassiusdawson@msn.com             cassiusdawson2608
treyroy@live.com             treyroy1942
emmettbuchanan@windowslive.com             emmettbuchanan0020
brunoluna@outlook.com             brunoluna1082
ırvinlutz@live.com             ırvinlutz9262
tannerhickman@live.com             tannerhickman7132
rashadmitchell@gmail.com             rashadmitchell4654
kaibranch@msn.com             kaibranch6455
lukacolon@msn.com             lukacolon2937
koltenmayer@windowslive.com             koltenmayer1263
byronabbott@live.com             byronabbott1258
davinmorris@gmail.com             davinmorris7371
diegoherman@live.com             diegoherman2984
blazetapia@windowslive.com             blazetapia5371
davondouglas@windowslive.com             davondouglas7191
jakobebaird@gmail.com             jakobebaird6701
chancerandolph@yahoo.com             chancerandolph2251
ızaiahpratt@outlook.com             ızaiahpratt5149
louisfernandez@live.com             louisfernandez9646
warrengray@gmail.com             warrengray6020
marleyleach@outlook.com             marleyleach4227
allenwood@msn.com             allenwood3742
jeromeroman@live.com             jeromeroman9197
marcewing@outlook.com             marcewing9839
gageespinoza@windowslive.com             gageespinoza5956
mylesrobbins@windowslive.com             mylesrobbins0829
santiagoestes@gmail.com             santiagoestes0533
uriahpowell@live.com             uriahpowell6659
davianorozco@windowslive.com             davianorozco6269
masonhays@windowslive.com             masonhays3775
kodyhiggins@windowslive.com             kodyhiggins4247
wyattfranco@outlook.com             wyattfranco6293
chaimmanning@windowslive.com             chaimmanning0950
raycarney@windowslive.com             raycarney2229
ezekielmcguire@gmail.com             ezekielmcguire2156
oscarrios@yahoo.com             oscarrios2599
zaireriley@live.com             zaireriley6686
harryherring@outlook.com             harryherring7899
curtispitts@outlook.com             curtispitts6914
landenvasquez@yahoo.com             landenvasquez9947
zavierthomas@msn.com             zavierthomas1900
ısraelrubio@yahoo.com             ısraelrubio5814
everettsummers@live.com             everettsummers3912
jaylonıbarra@live.com             jaylonıbarra0242
martinsingleton@msn.com             martinsingleton1828
adolfoweiss@msn.com             adolfoweiss4233
keenanesparza@msn.com             keenanesparza6197
orlandomontgomery@yahoo.com             orlandomontgomery5952
keithcox@yahoo.com             keithcox2502
jadenjones@gmail.com             jadenjones9980
brandenbell@windowslive.com             brandenbell3632
arielrowe@live.com             arielrowe9523
casonsimpson@yahoo.com             casonsimpson4296
jeremiahtran@gmail.com             jeremiahtran8978
karsonguerra@msn.com             karsonguerra4673
jamaripotter@msn.com             jamaripotter0105
corneliusgrimes@windowslive.com             corneliusgrimes9934
keshawnperez@msn.com             keshawnperez2340
bradennguyen@outlook.com             bradennguyen0481
marceloschwartz@windowslive.com             marceloschwartz5711
hectorramsey@live.com             hectorramsey6218
mohammedbryan@gmail.com             mohammedbryan2588
deangeloryan@gmail.com             deangeloryan1768
connorgriffin@live.com             connorgriffin3864
keatoncalhoun@windowslive.com             keatoncalhoun6602
andreasjarvis@windowslive.com             andreasjarvis2354
landonmcgee@msn.com             landonmcgee9721
kymaniguerrero@windowslive.com             kymaniguerrero9571
rykerrosario@outlook.com             rykerrosario2266
randallblack@outlook.com             randallblack5244
killianrichmond@live.com             killianrichmond4472
olivermiles@msn.com             olivermiles7972
julianhogan@yahoo.com             julianhogan8924
alexdavenport@gmail.com             alexdavenport5275
calvinfritz@windowslive.com             calvinfritz7808
kendrickhensley@live.com             kendrickhensley0239
williealexander@outlook.com             williealexander0435
valentinpowers@windowslive.com             valentinpowers7743
eddiecherry@live.com             eddiecherry5031
finnjimenez@windowslive.com             finnjimenez4715
cedricshields@gmail.com             cedricshields9779
arjunscott@windowslive.com             arjunscott5146
kyleayers@outlook.com             kyleayers0035
nikolasschneider@windowslive.com             nikolasschneider2109
jacksonchaney@outlook.com             jacksonchaney5881
jacobyellison@windowslive.com             jacobyellison8126
solomonaustin@live.com             solomonaustin9420
leonelbarajas@outlook.com             leonelbarajas8188
braydonrogers@gmail.com             braydonrogers6538
joepadilla@live.com             joepadilla2375
harrisonbenitez@gmail.com             harrisonbenitez7085
reillynorris@windowslive.com             reillynorris7771
blainedixon@outlook.com             blainedixon9703
ryleesimmons@live.com             ryleesimmons5027
carsengates@windowslive.com             carsengates4847
coltenmcclain@yahoo.com             coltenmcclain5625
maliknelson@outlook.com             maliknelson2333
ıssacmills@msn.com             ıssacmills9804
nathanaelcummings@outlook.com             nathanaelcummings9329
tysongomez@yahoo.com             tysongomez6379
josetodd@yahoo.com             josetodd8329
sawyermichael@yahoo.com             sawyermichael3834
thaddeushardy@outlook.com             thaddeushardy3329
emmanuelfuller@live.com             emmanuelfuller4786
troycampos@yahoo.com             troycampos0208
markusdavis@windowslive.com             markusdavis5915
kyanwang@msn.com             kyanwang1579
lamontduffy@windowslive.com             lamontduffy3474
dereonrice@outlook.com             dereonrice6888
roderickmckee@outlook.com             roderickmckee4810
jaxjordan@gmail.com             jaxjordan7332
jesseclay@outlook.com             jesseclay0182
manuelrollins@gmail.com             manuelrollins1238
rorycoffey@msn.com             rorycoffey8139
andrewnavarro@gmail.com             andrewnavarro8785
kamronstewart@outlook.com             kamronstewart6763
brayanwelch@msn.com             brayanwelch1295
sladebenson@gmail.com             sladebenson7626
augustusstuart@gmail.com             augustusstuart5816
alonsobrady@outlook.com             alonsobrady8199
lennonfowler@gmail.com             lennonfowler0906
memphisschaefer@windowslive.com             memphisschaefer2648
germanruiz@live.com             germanruiz8333
wilsonsutton@yahoo.com             wilsonsutton5835
ıbrahimshaw@live.com             ıbrahimshaw7915
maddenmaxwell@windowslive.com             maddenmaxwell3738
stevenhayden@yahoo.com             stevenhayden2873
sebastianhaynes@yahoo.com             sebastianhaynes4383
rylancisneros@windowslive.com             rylancisneros4889
armanisawyer@gmail.com             armanisawyer6665
joshuakaufman@windowslive.com             joshuakaufman4579
camrynbarnes@gmail.com             camrynbarnes6246
danielcopeland@yahoo.com             danielcopeland0399
frederickroberts@live.com             frederickroberts4649
piercepineda@live.com             piercepineda0534
rohanmontes@gmail.com             rohanmontes3826
kenyonvazquez@gmail.com             kenyonvazquez0978
damarionhanna@gmail.com             damarionhanna4664
samsonpope@live.com             samsonpope5195
aidynmullins@outlook.com             aidynmullins3566
braylensantos@yahoo.com             braylensantos8611
conorrivera@gmail.com             conorrivera9858
garrettyang@outlook.com             garrettyang3400
porterballard@live.com             porterballard3211
braedenacevedo@yahoo.com             braedenacevedo5007
eliasgarner@windowslive.com             eliasgarner9493
jovannylivingston@gmail.com             jovannylivingston1354
romanmaddox@yahoo.com             romanmaddox5257
tommyosborn@windowslive.com             tommyosborn4345
caydengaines@gmail.com             caydengaines5377
savionweeks@outlook.com             savionweeks7189
daytonhendrix@msn.com             daytonhendrix4154
kylerpeters@outlook.com             kylerpeters6914
jovanmccann@outlook.com             jovanmccann2118
brendonwhitney@gmail.com             brendonwhitney7860
caidendennis@windowslive.com             caidendennis0283
zackleon@msn.com             zackleon5052
terrellhamilton@live.com             terrellhamilton6215
edwardarnold@outlook.com             edwardarnold6937
colegross@outlook.com             colegross0037
caseymccormick@gmail.com             caseymccormick1701
devonshelton@live.com             devonshelton7505
georgemolina@yahoo.com             georgemolina4247
aedangraham@yahoo.com             aedangraham8867
dominicpage@msn.com             dominicpage2755
mauricefaulkner@live.com             mauricefaulkner9858
dashawnglenn@yahoo.com             dashawnglenn4891
collinkeith@outlook.com             collinkeith5250
winstonhebert@live.com             winstonhebert0847
cordellchandler@gmail.com             cordellchandler6437
conradmarsh@outlook.com             conradmarsh1116
jaxsonboyle@msn.com             jaxsonboyle8303
fishermoses@msn.com             fishermoses1947
christianoneill@live.com             christianoneill3664
peytonfields@yahoo.com             peytonfields4991
giovannynicholson@msn.com             giovannynicholson4092
sterlinghunter@yahoo.com             sterlinghunter9081
marquessmith@gmail.com             marquessmith8420
jaimelarson@outlook.com             jaimelarson9264
lanevang@live.com             lanevang8380
gilbertwillis@windowslive.com             gilbertwillis0716
ramonspears@live.com             ramonspears0834
dantemeyer@gmail.com             dantemeyer0271
samdecker@gmail.com             samdecker0218
rafaelkemp@msn.com             rafaelkemp4325
adamterry@msn.com             adamterry2565
andyhall@yahoo.com             andyhall8202
jeffersonnovak@outlook.com             jeffersonnovak8197
kierancuevas@gmail.com             kierancuevas2365
shaunstout@gmail.com             shaunstout0980
anthonylambert@yahoo.com             anthonylambert6565
efraincastro@gmail.com             efraincastro9805
dannybolton@gmail.com             dannybolton1075
trenthuerta@msn.com             trenthuerta0721
johnathanfrye@live.com             johnathanfrye1195
sorenlane@live.com             sorenlane1815
aaronyates@msn.com             aaronyates2322
braedonfrost@msn.com             braedonfrost9783
nolanhowe@outlook.com             nolanhowe6781
salvadormorales@outlook.com             salvadormorales4172
nasirfinley@outlook.com             nasirfinley9067
matthewcastaneda@windowslive.com             matthewcastaneda1811
chazpark@live.com             chazpark6318
kylansweeney@outlook.com             kylansweeney5552
beckettcortez@windowslive.com             beckettcortez0238
leandroerickson@msn.com             leandroerickson6539
skylerchristensen@yahoo.com             skylerchristensen0074
kameronwilson@windowslive.com             kameronwilson8063
darrelldowns@gmail.com             darrelldowns9359
roccogolden@msn.com             roccogolden3367
rogelionolan@outlook.com             rogelionolan9068
edgardominguez@windowslive.com             edgardominguez7035
yadielrowland@live.com             yadielrowland4675
luispatrick@msn.com             luispatrick3538
augusthouston@outlook.com             augusthouston3007
joelreynolds@live.com             joelreynolds9133
haidenmalone@gmail.com             haidenmalone4790
daneburnett@outlook.com             daneburnett5437
lewisporter@gmail.com             lewisporter1707
hughsolis@windowslive.com             hughsolis0508
cadebarber@outlook.com             cadebarber2888
francorose@yahoo.com             francorose8236
dominickgriffith@msn.com             dominickgriffith9178
zachariahwalker@gmail.com             zachariahwalker5794
ernestotrevino@msn.com             ernestotrevino5601
titusknapp@outlook.com             titusknapp5301
braydenkoch@gmail.com             braydenkoch8589
ralphspencer@outlook.com             ralphspencer3386
melvinfrancis@live.com             melvinfrancis6283
ernesthorn@outlook.com             ernesthorn2059
arthurvaughan@windowslive.com             arthurvaughan8561
beaucameron@windowslive.com             beaucameron3105
jaedengraves@windowslive.com             jaedengraves3945
lucianvelazquez@yahoo.com             lucianvelazquez4783
abrahamstark@live.com             abrahamstark8085
eduardohughes@yahoo.com             eduardohughes3987
valentinoharding@yahoo.com             valentinoharding8412
damianflores@outlook.com             damianflores0449
brennansampson@live.com             brennansampson1724
aaravclayton@live.com             aaravclayton1224
jamarcushines@windowslive.com             jamarcushines3977
ashtonburke@live.com             ashtonburke0554
donavanoconnell@windowslive.com             donavanoconnell2509
ronanwhitehead@outlook.com             ronanwhitehead7542
casecrane@msn.com             casecrane4102
logantate@live.com             logantate0578
davisgonzalez@windowslive.com             davisgonzalez3032
dariontorres@live.com             dariontorres6327
marcosowen@yahoo.com             marcosowen0497
talanhuynh@gmail.com             talanhuynh0256
keyonestrada@msn.com             keyonestrada8199
julienhuff@outlook.com             julienhuff4471
donovanbutler@windowslive.com             donovanbutler1759
carsongarrett@live.com             carsongarrett8874
greysonzuniga@windowslive.com             greysonzuniga4141
eugenelin@windowslive.com             eugenelin0091
austinhart@yahoo.com             austinhart7514
dariusdavid@windowslive.com             dariusdavid6763
cullengordon@live.com             cullengordon7721
alecrangel@msn.com             alecrangel0487
noewarren@live.com             noewarren5805
jairlawrence@gmail.com             jairlawrence9629
trystandaniels@windowslive.com             trystandaniels4408
gaugesnow@msn.com             gaugesnow2084
derekhampton@msn.com             derekhampton5227
sincerechambers@windowslive.com             sincerechambers7407
holdenpayne@gmail.com             holdenpayne9110
seanıngram@windowslive.com             seanıngram1823
royceparrish@live.com             royceparrish9209
maximusrich@gmail.com             maximusrich9883
mathewhuang@msn.com             mathewhuang5146
albertofreeman@windowslive.com             albertofreeman1201
waylonmooney@windowslive.com             waylonmooney8371
jakemendez@msn.com             jakemendez2429
cannonhowell@windowslive.com             cannonhowell5922
muhammadholland@msn.com             muhammadholland7296
blakefigueroa@windowslive.com             blakefigueroa9145
dorianmendoza@windowslive.com             dorianmendoza9918
kingwallace@gmail.com             kingwallace6761
braidenholt@windowslive.com             braidenholt1486
landynmcbride@live.com             landynmcbride0092
evanblake@live.com             evanblake2326
maxwellhoover@yahoo.com             maxwellhoover4363
bradleylamb@windowslive.com             bradleylamb4924
reeceodonnell@yahoo.com             reeceodonnell9159
jaidynnorman@windowslive.com             jaidynnorman8254
adenallen@outlook.com             adenallen8032
janhurst@yahoo.com             janhurst1112
reidhancock@windowslive.com             reidhancock0165
leonardcowan@live.com             leonardcowan8484
maximillianvalencia@msn.com             maximillianvalencia3059
kingstonproctor@msn.com             kingstonproctor5325
alvinwyatt@yahoo.com             alvinwyatt8543
lelandrobertson@outlook.com             lelandrobertson5730
xzavierjoyce@msn.com             xzavierjoyce2173
claytoncarr@windowslive.com             claytoncarr3198
ısaimurillo@live.com             ısaimurillo7016
addisonrhodes@gmail.com             addisonrhodes3687
thomasrusso@yahoo.com             thomasrusso5594
garywilliams@yahoo.com             garywilliams8249
tristenhenson@outlook.com             tristenhenson2556
xaviergonzales@windowslive.com             xaviergonzales8504
larryjoseph@windowslive.com             larryjoseph2377
vaughncollins@yahoo.com             vaughncollins8303
trentonyu@live.com             trentonyu2677
jaronschmitt@gmail.com             jaronschmitt0014
jorgeortega@outlook.com             jorgeortega1040
deeganhicks@windowslive.com             deeganhicks9659
lorenzowalters@msn.com             lorenzowalters7967
dexterbeard@windowslive.com             dexterbeard6308
sidneywilcox@outlook.com             sidneywilcox1235
devynosborne@outlook.com             devynosborne0673
colbyhardin@msn.com             colbyhardin1468
remingtondougherty@gmail.com             remingtondougherty1845
rigobertozhang@outlook.com             rigobertozhang6957
cameronhodge@outlook.com             cameronhodge9760
jayvionwolf@live.com             jayvionwolf1174
jeramiahdiaz@live.com             jeramiahdiaz8896
camdenpeck@live.com             camdenpeck8365
hunterhurley@gmail.com             hunterhurley4154
tyshawnroach@live.com             tyshawnroach9559
emersonlara@windowslive.com             emersonlara0903
zaidencarter@gmail.com             zaidencarter9048
clarkforbes@windowslive.com             clarkforbes1828
brockmckay@gmail.com             brockmckay9076
tonyvalenzuela@msn.com             tonyvalenzuela0770
willmeyers@yahoo.com             willmeyers8614
liamsaunders@windowslive.com             liamsaunders8927
bricejackson@outlook.com             bricejackson8883
guillermocalderon@outlook.com             guillermocalderon6361
markbean@windowslive.com             markbean5936
adityafarley@msn.com             adityafarley8227
amirwinters@windowslive.com             amirwinters8799
enriqueschmidt@msn.com             enriqueschmidt4080
matthiaspatton@msn.com             matthiaspatton8640
johnathoncarpenter@yahoo.com             johnathoncarpenter6156
billyhaas@yahoo.com             billyhaas0443
gilbertoandrews@msn.com             gilbertoandrews4785
javontrujillo@msn.com             javontrujillo7438
randywiley@yahoo.com             randywiley9648
raphaelkent@live.com             raphaelkent1878
jamarswanson@msn.com             jamarswanson6215
haydenbennett@outlook.com             haydenbennett7544
rodolfobraun@outlook.com             rodolfobraun2947
tomasmiranda@outlook.com             tomasmiranda4876
cohenbuckley@msn.com             cohenbuckley9963
johnmcconnell@yahoo.com             johnmcconnell8643
darnellhess@yahoo.com             darnellhess5803
bradyfischer@live.com             bradyfischer5793
jaylenrivers@gmail.com             jaylenrivers8336
nigelmarshall@gmail.com             nigelmarshall0639
gaigebarron@windowslive.com             gaigebarron1613
moisesbrandt@live.com             moisesbrandt5286
shawncole@msn.com             shawncole5199
shaneroth@yahoo.com             shaneroth0684
elianphillips@live.com             elianphillips0634
jordynsantiago@outlook.com             jordynsantiago7312
gunnerbonilla@outlook.com             gunnerbonilla7439
frankjenkins@gmail.com             frankjenkins3186
seamushodges@outlook.com             seamushodges7163
patrickpatterson@live.com             patrickpatterson4446
brucecaldwell@msn.com             brucecaldwell1918
reagancraig@windowslive.com             reagancraig0253
jaydancastillo@msn.com             jaydancastillo1593
justusbaxter@gmail.com             justusbaxter5812
octaviobeck@msn.com             octaviobeck6161
mateohaney@outlook.com             mateohaney1029
omarstrickland@outlook.com             omarstrickland9139
wesleymullen@windowslive.com             wesleymullen2255
kamdenfarmer@windowslive.com             kamdenfarmer9875
krishdelgado@windowslive.com             krishdelgado9322
houstonlynn@live.com             houstonlynn5046
jadielrichards@windowslive.com             jadielrichards2814
ıanandrade@live.com             ıanandrade2735
kobefarrell@gmail.com             kobefarrell8331
ısaiasramos@yahoo.com             ısaiasramos2297
keltoncurtis@outlook.com             keltoncurtis4992
rydermosley@gmail.com             rydermosley1734
vancecantu@msn.com             vancecantu1817
yusufmoss@gmail.com             yusufmoss2914
emanuelashley@live.com             emanuelashley1139
victorfrench@yahoo.com             victorfrench3252
bernardsellers@windowslive.com             bernardsellers0594
pablopalmer@outlook.com             pablopalmer3094
parkernichols@outlook.com             parkernichols5501
justicegreene@live.com             justicegreene5711
jasejacobs@outlook.com             jasejacobs3644
jonathanbest@gmail.com             jonathanbest0594
dustinlevine@windowslive.com             dustinlevine1712
darrennash@live.com             darrennash2737
aydanfletcher@windowslive.com             aydanfletcher0133
devenbooker@outlook.com             devenbooker2181
demetriusfloyd@gmail.com             demetriusfloyd9030
